ticker,title,event_ticker,yes_ask_cents,no_ask_cents,spread_cents,volume_24h,close_time
KXITFWMATCH-26OCT08MARMEA-MAR,Camila Markus wins,KXITFWMATCH-26OCT08MARMEA,22.0,79.0,1.0,54228.89,2026-10-22T20:27:21Z
KXITFWMATCH-26OCT08BRIKAW-KAW,Gabriela Kawano Cho wins,KXITFWMATCH-26OCT08BRIKAW,2.0,99.0,1.0,33553.07,2026-10-22T20:31:58Z
KXITFWMATCH-26OCT08BRIKAW-BRI,Leyla Fiorella Britez Risso wins,KXITFWMATCH-26OCT08BRIKAW,99.0,2.0,1.0,18474.24,2026-10-22T20:31:58Z
KXITFWMATCH-26OCT08MARMEA-MEA,Sofia Meabe wins,KXITFWMATCH-26OCT08MARMEA,77.0,24.0,1.0,10373.99,2026-10-22T20:27:21Z
KXTEMPMIAH-26OCT0817-T87.99,"Will the temp in Miami be above 87.99° on Oct 8, 2026 at 5pm EDT?",KXTEMPMIAH-26OCT0817,10.0,95.0,5.0,8049.99,2026-10-08T21:00:00Z
KXHOLBORNVOTE-26DEC31RES-8,Will Restore Britain receive at least 8% of the popular vote in the 2026 Holborn and St Pancras by-election?,KXHOLBORNVOTE-26DEC31RES,2.0,99.0,1.0,5716.02,2027-12-31T15:00:00Z
KXAAAGASDIN-26OCT09-3.8900,Will average **gas prices** be above $3.8900?,KXAAAGASDIN-26OCT09,7.0,94.0,1.0,4553.26,2026-10-09T03:59:00Z
KXAAAGASDIN-26OCT09-3.9100,Will average **gas prices** be above $3.9100?,KXAAAGASDIN-26OCT09,3.0,98.0,1.0,4079.0,2026-10-09T03:59:00Z
KXHORMUZPEAK-26OCT11-T5,"Will the highest single-day number of transit calls through the Strait of Hormuz be more than 5 from Oct 5, 2026 to Oct 11, 2026?",KXHORMUZPEAK-26OCT11,64.0,41.0,5.0,1980.0,2026-10-13T13:00:00Z
KXTEMPLAXHS-26OCT0817-T83.99,"Will the temp in Coastal Los Angeles be above 83.99° on Oct 8, 2026 at 5pm EDT?",KXTEMPLAXHS-26OCT0817,14.0,90.0,4.0,1569.16,2026-10-08T21:00:00Z
KXNFLFFPTS-26OCT11CINMIA-CINMGESICKI88-8,Mike Gesicki: Over 8 fantasy points,KXNFLFFPTS-26OCT11CINMIA,59.0,47.0,6.0,1104.96,2026-10-13T17:00:00Z
KXTEMPLAXHS-26OCT0817-T82.99,"Will the temp in Coastal Los Angeles be above 82.99° on Oct 8, 2026 at 5pm EDT?",KXTEMPLAXHS-26OCT0817,89.0,15.0,4.0,904.64,2026-10-08T21:00:00Z
KXNFLFFPTS-26OCT11CLENYJ-NYJNYJDST-8P1,NY Jets D/ST: Over 8.1 fantasy points,KXNFLFFPTS-26OCT11CLENYJ,20.0,88.0,8.0,800.0,2026-10-13T17:00:00Z
KXTEMPCHIHS-26OCT0817-T71.99,"Will the temp in Chicago Metro Area be above 71.99° on Oct 8, 2026 at 5pm EDT?",KXTEMPCHIHS-26OCT0817,4.0,98.0,2.0,777.44,2026-10-08T21:00:00Z
KXTEMPCHIHS-26OCT0817-T70.99,"Will the temp in Chicago Metro Area be above 70.99° on Oct 8, 2026 at 5pm EDT?",KXTEMPCHIHS-26OCT0817,98.0,8.0,6.0,743.94,2026-10-08T21:00:00Z
KXAAAGASDIN-26OCT09-3.9050,Will average **gas prices** be above $3.9050?,KXAAAGASDIN-26OCT09,2.0,99.0,1.0,379.0,2026-10-09T03:59:00Z
KXBIGGESTQUAKE-09OCT26-7.0,"What will the biggest earthquake be on Oct 9, 2026?",KXBIGGESTQUAKE-09OCT26,6.0,97.0,3.0,281.2,2026-10-09T23:59:59Z
KXNBA1HSPREAD-26OCT08WASNYK-NYK12,New York wins the 1H by over 11.5 points,KXNBA1HSPREAD-26OCT08WASNYK,26.0,81.0,7.0,228.36,2026-10-10T23:30:00Z
KXNFLTD-26OCT12BUFLAR-BUFKSHAKIR10-3,Khalil Shakir: 3+ touchdowns,KXNFLTD-26OCT12BUFLAR,2.0,99.0,1.0,201.87,2026-10-15T00:15:00Z
