scan_utc,ticker,event_ticker,title,yes_ask_cents,no_ask_cents,spread_cents,volume_24h,close_time,status
2026-10-08T22:40:47.190191+00:00,KXNBA1HSPREAD-26OCT08BOSCLE-BOS4,KXNBA1HSPREAD-26OCT08BOSCLE,Boston wins the 1H by over 3.5 points,32.0,70.0,2.0,191.56,2026-10-10T23:00:00Z,OBSERVATION_ONLY
2026-10-08T22:40:47.190191+00:00,KXNBA1HSPREAD-26OCT08NOPMIA-MIA4,KXNBA1HSPREAD-26OCT08NOPMIA,Miami wins the 1H by over 3.5 points,54.0,53.0,7.0,422.78,2026-10-10T23:30:00Z,OBSERVATION_ONLY
2026-10-08T22:40:47.190191+00:00,KXNBA1HSPREAD-26OCT08NOPMIA-MIA8,KXNBA1HSPREAD-26OCT08NOPMIA,Miami wins the 1H by over 7.5 points,38.0,68.0,6.0,212.0,2026-10-10T23:30:00Z,OBSERVATION_ONLY
2026-10-08T22:40:47.190191+00:00,KXNBA1HSPREAD-26OCT08PHIBKN-PHI4,KXNBA1HSPREAD-26OCT08PHIBKN,Philadelphia wins the 1H by over 3.5 points,67.0,36.0,3.0,690.87,2026-10-10T23:30:00Z,OBSERVATION_ONLY
2026-10-08T22:40:47.190191+00:00,KXNBA1HSPREAD-26OCT08PHIBKN-PHI6,KXNBA1HSPREAD-26OCT08PHIBKN,Philadelphia wins the 1H by over 5.5 points,59.0,43.0,2.0,271.54,2026-10-10T23:30:00Z,OBSERVATION_ONLY
2026-10-08T22:40:47.190191+00:00,KXNBA1HSPREAD-26OCT08WASNYK-NYK12,KXNBA1HSPREAD-26OCT08WASNYK,New York wins the 1H by over 11.5 points,23.0,81.0,4.0,228.36,2026-10-10T23:30:00Z,OBSERVATION_ONLY
2026-10-08T22:40:47.190191+00:00,KXNBA1HTOTAL-26OCT08WASNYK-116,KXNBA1HTOTAL-26OCT08WASNYK,1st Half: Over 115.5 points scored,59.0,47.0,6.0,109.35,2026-10-10T23:30:00Z,OBSERVATION_ONLY
2026-10-08T22:40:47.190191+00:00,KXNBASPREAD-26OCT08ATLSAS-ATL11,KXNBASPREAD-26OCT08ATLSAS,Atlanta wins by over 10.5 points,12.0,92.0,4.0,164.06,2026-10-11T00:00:00Z,OBSERVATION_ONLY
2026-10-08T22:40:47.190191+00:00,KXNBASPREAD-26OCT08ATLSAS-SAS10,KXNBASPREAD-26OCT08ATLSAS,San Antonio wins by over 9.5 points,47.0,54.0,1.0,2118.34,2026-10-11T00:00:00Z,OBSERVATION_ONLY
2026-10-08T22:40:47.190191+00:00,KXNBASPREAD-26OCT08ATLSAS-SAS11,KXNBASPREAD-26OCT08ATLSAS,San Antonio wins by over 10.5 points,45.0,57.0,2.0,1990.31,2026-10-11T00:00:00Z,OBSERVATION_ONLY
2026-10-08T22:40:47.190191+00:00,KXNBASPREAD-26OCT08ATLSAS-SAS14,KXNBASPREAD-26OCT08ATLSAS,San Antonio wins by over 13.5 points,38.0,64.0,2.0,1672.2,2026-10-11T00:00:00Z,OBSERVATION_ONLY
2026-10-08T22:40:47.190191+00:00,KXNBASPREAD-26OCT08ATLSAS-SAS26,KXNBASPREAD-26OCT08ATLSAS,San Antonio wins by over 25.5 points,17.0,89.0,6.0,205.11,2026-10-11T00:00:00Z,OBSERVATION_ONLY
2026-10-08T22:40:47.190191+00:00,KXNBASPREAD-26OCT08ATLSAS-SAS4,KXNBASPREAD-26OCT08ATLSAS,San Antonio wins by over 3.5 points,68.0,36.0,4.0,269.31,2026-10-11T00:00:00Z,OBSERVATION_ONLY
2026-10-08T22:40:47.190191+00:00,KXNBASPREAD-26OCT08ATLSAS-SAS7,KXNBASPREAD-26OCT08ATLSAS,San Antonio wins by over 6.5 points,57.0,44.0,1.0,1449.85,2026-10-11T00:00:00Z,OBSERVATION_ONLY
2026-10-08T22:40:47.190191+00:00,KXNBASPREAD-26OCT08ATLSAS-SAS8,KXNBASPREAD-26OCT08ATLSAS,San Antonio wins by over 7.5 points,55.0,47.0,2.0,361.85,2026-10-11T00:00:00Z,OBSERVATION_ONLY
2026-10-08T22:40:47.190191+00:00,KXNBASPREAD-26OCT08ATLSAS-SAS9,KXNBASPREAD-26OCT08ATLSAS,San Antonio wins by over 8.5 points,51.0,50.0,1.0,7634.7,2026-10-11T00:00:00Z,OBSERVATION_ONLY
2026-10-08T22:40:47.190191+00:00,KXNBASPREAD-26OCT08BOSCLE-BOS11,KXNBASPREAD-26OCT08BOSCLE,Boston wins by over 10.5 points,23.0,79.0,2.0,500.0,2026-10-10T23:00:00Z,OBSERVATION_ONLY
2026-10-08T22:40:47.190191+00:00,KXNBASPREAD-26OCT08BOSCLE-BOS13,KXNBASPREAD-26OCT08BOSCLE,Boston wins by over 12.5 points,19.0,83.0,2.0,162.78,2026-10-10T23:00:00Z,OBSERVATION_ONLY
2026-10-08T22:40:47.190191+00:00,KXNBASPREAD-26OCT08BOSCLE-BOS15,KXNBASPREAD-26OCT08BOSCLE,Boston wins by over 14.5 points,16.0,87.0,3.0,287.29,2026-10-10T23:00:00Z,OBSERVATION_ONLY
2026-10-08T22:40:47.190191+00:00,KXNBASPREAD-26OCT08BOSCLE-BOS19,KXNBASPREAD-26OCT08BOSCLE,Boston wins by over 18.5 points,11.0,91.0,2.0,177.51,2026-10-10T23:00:00Z,OBSERVATION_ONLY
2026-10-08T22:40:47.190191+00:00,KXNBASPREAD-26OCT08BOSCLE-BOS3,KXNBASPREAD-26OCT08BOSCLE,Boston wins by over 2.5 points,41.0,61.0,2.0,104.38,2026-10-10T23:00:00Z,OBSERVATION_ONLY
2026-10-08T22:40:47.190191+00:00,KXNBASPREAD-26OCT08BOSCLE-BOS4,KXNBASPREAD-26OCT08BOSCLE,Boston wins by over 3.5 points,38.0,64.0,2.0,19747.71,2026-10-10T23:00:00Z,OBSERVATION_ONLY
2026-10-08T22:40:47.190191+00:00,KXNBASPREAD-26OCT08BOSCLE-BOS5,KXNBASPREAD-26OCT08BOSCLE,Boston wins by over 4.5 points,39.0,66.0,5.0,577.49,2026-10-10T23:00:00Z,OBSERVATION_ONLY
2026-10-08T22:40:47.190191+00:00,KXNBASPREAD-26OCT08BOSCLE-BOS6,KXNBASPREAD-26OCT08BOSCLE,Boston wins by over 5.5 points,33.0,69.0,2.0,399.17,2026-10-10T23:00:00Z,OBSERVATION_ONLY
2026-10-08T22:40:47.190191+00:00,KXNBASPREAD-26OCT08BOSCLE-BOS7,KXNBASPREAD-26OCT08BOSCLE,Boston wins by over 6.5 points,34.0,71.0,5.0,411.78,2026-10-10T23:00:00Z,OBSERVATION_ONLY
2026-10-08T22:40:47.190191+00:00,KXNBASPREAD-26OCT08BOSCLE-CLE18,KXNBASPREAD-26OCT08BOSCLE,Cleveland wins by over 17.5 points,16.0,89.0,5.0,136.77,2026-10-10T23:00:00Z,OBSERVATION_ONLY
2026-10-08T22:40:47.190191+00:00,KXNBASPREAD-26OCT08BOSCLE-CLE2,KXNBASPREAD-26OCT08BOSCLE,Cleveland wins by over 1.5 points,53.0,48.0,1.0,208.19,2026-10-10T23:00:00Z,OBSERVATION_ONLY
2026-10-08T22:40:47.190191+00:00,KXNBASPREAD-26OCT08BOSCLE-CLE20,KXNBASPREAD-26OCT08BOSCLE,Cleveland wins by over 19.5 points,11.0,90.0,1.0,499.87,2026-10-10T23:00:00Z,OBSERVATION_ONLY
2026-10-08T22:40:47.190191+00:00,KXNBASPREAD-26OCT08BOSCLE-CLE5,KXNBASPREAD-26OCT08BOSCLE,Cleveland wins by over 4.5 points,42.0,59.0,1.0,223.52,2026-10-10T23:00:00Z,OBSERVATION_ONLY
2026-10-08T22:40:47.190191+00:00,KXNBASPREAD-26OCT08NOPMIA-MIA24,KXNBASPREAD-26OCT08NOPMIA,Miami wins by over 23.5 points,18.0,87.0,5.0,190.06,2026-10-10T23:30:00Z,OBSERVATION_ONLY
2026-10-08T22:40:47.190191+00:00,KXNBASPREAD-26OCT08NOPMIA-MIA26,KXNBASPREAD-26OCT08NOPMIA,Miami wins by over 25.5 points,12.0,92.0,4.0,323.0,2026-10-10T23:30:00Z,OBSERVATION_ONLY
2026-10-08T22:40:47.190191+00:00,KXNBASPREAD-26OCT08NOPMIA-MIA5,KXNBASPREAD-26OCT08NOPMIA,Miami wins by over 4.5 points,61.0,42.0,3.0,150.17,2026-10-10T23:30:00Z,OBSERVATION_ONLY
2026-10-08T22:40:47.190191+00:00,KXNBASPREAD-26OCT08NOPMIA-MIA7,KXNBASPREAD-26OCT08NOPMIA,Miami wins by over 6.5 points,54.0,48.0,2.0,741.52,2026-10-10T23:30:00Z,OBSERVATION_ONLY
2026-10-08T22:40:47.190191+00:00,KXNBASPREAD-26OCT08NOPMIA-MIA8,KXNBASPREAD-26OCT08NOPMIA,Miami wins by over 7.5 points,50.0,51.0,1.0,3988.73,2026-10-10T23:30:00Z,OBSERVATION_ONLY
2026-10-08T22:40:47.190191+00:00,KXNBASPREAD-26OCT08NOPMIA-MIA9,KXNBASPREAD-26OCT08NOPMIA,Miami wins by over 8.5 points,47.0,55.0,2.0,1464.2,2026-10-10T23:30:00Z,OBSERVATION_ONLY
2026-10-08T22:40:47.190191+00:00,KXNBASPREAD-26OCT08NOPMIA-NOP11,KXNBASPREAD-26OCT08NOPMIA,New Orleans wins by over 10.5 points,13.0,93.0,6.0,263.06,2026-10-10T23:30:00Z,OBSERVATION_ONLY
2026-10-08T22:40:47.190191+00:00,KXNBASPREAD-26OCT08PHIBKN-BKN10,KXNBASPREAD-26OCT08PHIBKN,Brooklyn wins by over 9.5 points,11.0,91.0,2.0,113.0,2026-10-10T23:30:00Z,OBSERVATION_ONLY
2026-10-08T22:40:47.190191+00:00,KXNBASPREAD-26OCT08PHIBKN-BKN12,KXNBASPREAD-26OCT08PHIBKN,Brooklyn wins by over 11.5 points,9.0,92.0,1.0,113.0,2026-10-10T23:30:00Z,OBSERVATION_ONLY
2026-10-08T22:40:47.190191+00:00,KXNBASPREAD-26OCT08PHIBKN-BKN14,KXNBASPREAD-26OCT08PHIBKN,Brooklyn wins by over 13.5 points,9.0,93.0,2.0,328.35,2026-10-10T23:30:00Z,OBSERVATION_ONLY
2026-10-08T22:40:47.190191+00:00,KXNBASPREAD-26OCT08PHIBKN-BKN4,KXNBASPREAD-26OCT08PHIBKN,Brooklyn wins by over 3.5 points,24.0,79.0,3.0,551.16,2026-10-10T23:30:00Z,OBSERVATION_ONLY
2026-10-08T22:40:47.190191+00:00,KXNBASPREAD-26OCT08PHIBKN-PHI10,KXNBASPREAD-26OCT08PHIBKN,Philadelphia wins by over 9.5 points,50.0,53.0,3.0,651.69,2026-10-10T23:30:00Z,OBSERVATION_ONLY
2026-10-08T22:40:47.190191+00:00,KXNBASPREAD-26OCT08PHIBKN-PHI12,KXNBASPREAD-26OCT08PHIBKN,Philadelphia wins by over 11.5 points,43.0,60.0,3.0,159.14,2026-10-10T23:30:00Z,OBSERVATION_ONLY
2026-10-08T22:40:47.190191+00:00,KXNBASPREAD-26OCT08PHIBKN-PHI13,KXNBASPREAD-26OCT08PHIBKN,Philadelphia wins by over 12.5 points,40.0,61.0,1.0,148.19,2026-10-10T23:30:00Z,OBSERVATION_ONLY
2026-10-08T22:40:47.190191+00:00,KXNBASPREAD-26OCT08PHIBKN-PHI21,KXNBASPREAD-26OCT08PHIBKN,Philadelphia wins by over 20.5 points,22.0,83.0,5.0,227.06,2026-10-10T23:30:00Z,OBSERVATION_ONLY
2026-10-08T22:40:47.190191+00:00,KXNBASPREAD-26OCT08PHIBKN-PHI23,KXNBASPREAD-26OCT08PHIBKN,Philadelphia wins by over 22.5 points,16.0,85.0,1.0,1219.77,2026-10-10T23:30:00Z,OBSERVATION_ONLY
2026-10-08T22:40:47.190191+00:00,KXNBASPREAD-26OCT08PHIBKN-PHI25,KXNBASPREAD-26OCT08PHIBKN,Philadelphia wins by over 24.5 points,15.0,88.0,3.0,736.0,2026-10-10T23:30:00Z,OBSERVATION_ONLY
2026-10-08T22:40:47.190191+00:00,KXNBASPREAD-26OCT08PHIBKN-PHI5,KXNBASPREAD-26OCT08PHIBKN,Philadelphia wins by over 4.5 points,64.0,39.0,3.0,603.49,2026-10-10T23:30:00Z,OBSERVATION_ONLY
2026-10-08T22:40:47.190191+00:00,KXNBASPREAD-26OCT08PHIBKN-PHI6,KXNBASPREAD-26OCT08PHIBKN,Philadelphia wins by over 5.5 points,60.0,42.0,2.0,173.77,2026-10-10T23:30:00Z,OBSERVATION_ONLY
2026-10-08T22:40:47.190191+00:00,KXNBASPREAD-26OCT08PHIBKN-PHI7,KXNBASPREAD-26OCT08PHIBKN,Philadelphia wins by over 6.5 points,58.0,45.0,3.0,1019.36,2026-10-10T23:30:00Z,OBSERVATION_ONLY
2026-10-08T22:40:47.190191+00:00,KXNBASPREAD-26OCT08PHIBKN-PHI8,KXNBASPREAD-26OCT08PHIBKN,Philadelphia wins by over 7.5 points,55.0,46.0,1.0,5863.95,2026-10-10T23:30:00Z,OBSERVATION_ONLY
2026-10-08T22:40:47.190191+00:00,KXNBASPREAD-26OCT08PHIBKN-PHI9,KXNBASPREAD-26OCT08PHIBKN,Philadelphia wins by over 8.5 points,54.0,47.0,1.0,4575.62,2026-10-10T23:30:00Z,OBSERVATION_ONLY
2026-10-08T22:40:47.190191+00:00,KXNBASPREAD-26OCT08SACLAL-LAL10,KXNBASPREAD-26OCT08SACLAL,Los Angeles L wins by over 9.5 points,57.0,46.0,3.0,149.22,2026-10-11T02:30:00Z,OBSERVATION_ONLY
2026-10-08T22:40:47.190191+00:00,KXNBASPREAD-26OCT08SACLAL-LAL11,KXNBASPREAD-26OCT08SACLAL,Los Angeles L wins by over 10.5 points,54.0,49.0,3.0,590.6,2026-10-11T02:30:00Z,OBSERVATION_ONLY
2026-10-08T22:40:47.190191+00:00,KXNBASPREAD-26OCT08SACLAL-LAL12,KXNBASPREAD-26OCT08SACLAL,Los Angeles L wins by over 11.5 points,49.0,52.0,1.0,1265.7,2026-10-11T02:30:00Z,OBSERVATION_ONLY
2026-10-08T22:40:47.190191+00:00,KXNBASPREAD-26OCT08SACLAL-LAL13,KXNBASPREAD-26OCT08SACLAL,Los Angeles L wins by over 12.5 points,46.0,56.0,2.0,335.26,2026-10-11T02:30:00Z,OBSERVATION_ONLY
2026-10-08T22:40:47.190191+00:00,KXNBASPREAD-26OCT08SACLAL-LAL9,KXNBASPREAD-26OCT08SACLAL,Los Angeles L wins by over 8.5 points,61.0,43.0,4.0,161.97,2026-10-11T02:30:00Z,OBSERVATION_ONLY
2026-10-08T22:40:47.190191+00:00,KXNBASPREAD-26OCT08SACLAL-SAC10,KXNBASPREAD-26OCT08SACLAL,Sacramento wins by over 9.5 points,10.0,93.0,3.0,204.07,2026-10-11T02:30:00Z,OBSERVATION_ONLY
2026-10-08T22:40:47.190191+00:00,KXNBASPREAD-26OCT08SACLAL-SAC12,KXNBASPREAD-26OCT08SACLAL,Sacramento wins by over 11.5 points,10.0,94.0,4.0,402.0,2026-10-11T02:30:00Z,OBSERVATION_ONLY
2026-10-08T22:40:47.190191+00:00,KXNBASPREAD-26OCT08SACLAL-SAC14,KXNBASPREAD-26OCT08SACLAL,Sacramento wins by over 13.5 points,9.0,95.0,4.0,356.09,2026-10-11T02:30:00Z,OBSERVATION_ONLY
2026-10-08T22:40:47.190191+00:00,KXNBASPREAD-26OCT08SACLAL-SAC8,KXNBASPREAD-26OCT08SACLAL,Sacramento wins by over 7.5 points,13.0,92.0,5.0,113.0,2026-10-11T02:30:00Z,OBSERVATION_ONLY
2026-10-08T22:40:47.190191+00:00,KXNBASPREAD-26OCT08WASNYK-NYK10,KXNBASPREAD-26OCT08WASNYK,New York wins by over 9.5 points,40.0,63.0,3.0,300.69,2026-10-10T23:30:00Z,OBSERVATION_ONLY
2026-10-08T22:40:47.190191+00:00,KXNBASPREAD-26OCT08WASNYK-NYK23,KXNBASPREAD-26OCT08WASNYK,New York wins by over 22.5 points,12.0,92.0,4.0,217.06,2026-10-10T23:30:00Z,OBSERVATION_ONLY
2026-10-08T22:40:47.190191+00:00,KXNBASPREAD-26OCT08WASNYK-NYK25,KXNBASPREAD-26OCT08WASNYK,New York wins by over 24.5 points,10.0,93.0,3.0,428.05,2026-10-10T23:30:00Z,OBSERVATION_ONLY
2026-10-08T22:40:47.190191+00:00,KXNBASPREAD-26OCT08WASNYK-NYK6,KXNBASPREAD-26OCT08WASNYK,New York wins by over 5.5 points,52.0,49.0,1.0,2816.52,2026-10-10T23:30:00Z,OBSERVATION_ONLY
2026-10-08T22:40:47.190191+00:00,KXNBASPREAD-26OCT08WASNYK-NYK7,KXNBASPREAD-26OCT08WASNYK,New York wins by over 6.5 points,48.0,54.0,2.0,667.27,2026-10-10T23:30:00Z,OBSERVATION_ONLY
2026-10-08T22:40:47.190191+00:00,KXNBASPREAD-26OCT08WASNYK-NYK8,KXNBASPREAD-26OCT08WASNYK,New York wins by over 7.5 points,45.0,57.0,2.0,1349.89,2026-10-10T23:30:00Z,OBSERVATION_ONLY
2026-10-08T22:40:47.190191+00:00,KXNBASPREAD-26OCT08WASNYK-NYK9,KXNBASPREAD-26OCT08WASNYK,New York wins by over 8.5 points,42.0,61.0,3.0,128.54,2026-10-10T23:30:00Z,OBSERVATION_ONLY
2026-10-08T22:40:47.190191+00:00,KXNBASPREAD-26OCT08WASNYK-WAS10,KXNBASPREAD-26OCT08WASNYK,Washington wins by over 9.5 points,15.0,90.0,5.0,138.22,2026-10-10T23:30:00Z,OBSERVATION_ONLY
2026-10-08T22:40:47.190191+00:00,KXNBASPREAD-26OCT08WASNYK-WAS12,KXNBASPREAD-26OCT08WASNYK,Washington wins by over 11.5 points,11.0,92.0,3.0,127.91,2026-10-10T23:30:00Z,OBSERVATION_ONLY
2026-10-08T22:40:47.190191+00:00,KXNBASPREAD-26OCT08WASNYK-WAS14,KXNBASPREAD-26OCT08WASNYK,Washington wins by over 13.5 points,9.0,94.0,3.0,600.41,2026-10-10T23:30:00Z,OBSERVATION_ONLY
2026-10-08T22:40:47.190191+00:00,KXNBATOTAL-26OCT08ATLSAS-207,KXNBATOTAL-26OCT08ATLSAS,Full Game: Over 206.5 points scored,89.0,12.0,1.0,1255.13,2026-10-11T00:00:00Z,OBSERVATION_ONLY
2026-10-08T22:40:47.190191+00:00,KXNBATOTAL-26OCT08ATLSAS-213,KXNBATOTAL-26OCT08ATLSAS,Full Game: Over 212.5 points scored,78.0,24.0,2.0,243.32,2026-10-11T00:00:00Z,OBSERVATION_ONLY
2026-10-08T22:40:47.190191+00:00,KXNBATOTAL-26OCT08ATLSAS-221,KXNBATOTAL-26OCT08ATLSAS,Full Game: Over 220.5 points scored,63.0,39.0,2.0,115.95,2026-10-11T00:00:00Z,OBSERVATION_ONLY
2026-10-08T22:40:47.190191+00:00,KXNBATOTAL-26OCT08ATLSAS-223,KXNBATOTAL-26OCT08ATLSAS,Full Game: Over 222.5 points scored,59.0,44.0,3.0,147.56,2026-10-11T00:00:00Z,OBSERVATION_ONLY
2026-10-08T22:40:47.190191+00:00,KXNBATOTAL-26OCT08ATLSAS-225,KXNBATOTAL-26OCT08ATLSAS,Full Game: Over 224.5 points scored,53.0,48.0,1.0,6182.92,2026-10-11T00:00:00Z,OBSERVATION_ONLY
2026-10-08T22:40:47.190191+00:00,KXNBATOTAL-26OCT08ATLSAS-227,KXNBATOTAL-26OCT08ATLSAS,Full Game: Over 226.5 points scored,50.0,52.0,2.0,2409.91,2026-10-11T00:00:00Z,OBSERVATION_ONLY
2026-10-08T22:40:47.190191+00:00,KXNBATOTAL-26OCT08ATLSAS-229,KXNBATOTAL-26OCT08ATLSAS,Full Game: Over 228.5 points scored,46.0,56.0,2.0,350.95,2026-10-11T00:00:00Z,OBSERVATION_ONLY
2026-10-08T22:40:47.190191+00:00,KXNBATOTAL-26OCT08BOSCLE-201,KXNBATOTAL-26OCT08BOSCLE,Full Game: Over 200.5 points scored,90.0,12.0,2.0,1502.94,2026-10-10T23:00:00Z,OBSERVATION_ONLY
2026-10-08T22:40:47.190191+00:00,KXNBATOTAL-26OCT08BOSCLE-203,KXNBATOTAL-26OCT08BOSCLE,Full Game: Over 202.5 points scored,90.0,11.0,1.0,1581.84,2026-10-10T23:00:00Z,OBSERVATION_ONLY
2026-10-08T22:40:47.190191+00:00,KXNBATOTAL-26OCT08BOSCLE-207,KXNBATOTAL-26OCT08BOSCLE,Full Game: Over 206.5 points scored,84.0,21.0,5.0,208.3,2026-10-10T23:00:00Z,OBSERVATION_ONLY
2026-10-08T22:40:47.190191+00:00,KXNBATOTAL-26OCT08BOSCLE-209,KXNBATOTAL-26OCT08BOSCLE,Full Game: Over 208.5 points scored,81.0,22.0,3.0,145.1,2026-10-10T23:00:00Z,OBSERVATION_ONLY
2026-10-08T22:40:47.190191+00:00,KXNBATOTAL-26OCT08BOSCLE-211,KXNBATOTAL-26OCT08BOSCLE,Full Game: Over 210.5 points scored,77.0,25.0,2.0,994.13,2026-10-10T23:00:00Z,OBSERVATION_ONLY
2026-10-08T22:40:47.190191+00:00,KXNBATOTAL-26OCT08BOSCLE-213,KXNBATOTAL-26OCT08BOSCLE,Full Game: Over 212.5 points scored,73.0,29.0,2.0,187.59,2026-10-10T23:00:00Z,OBSERVATION_ONLY
2026-10-08T22:40:47.190191+00:00,KXNBATOTAL-26OCT08BOSCLE-215,KXNBATOTAL-26OCT08BOSCLE,Full Game: Over 214.5 points scored,68.0,33.0,1.0,422.0,2026-10-10T23:00:00Z,OBSERVATION_ONLY
2026-10-08T22:40:47.190191+00:00,KXNBATOTAL-26OCT08BOSCLE-217,KXNBATOTAL-26OCT08BOSCLE,Full Game: Over 216.5 points scored,65.0,37.0,2.0,573.97,2026-10-10T23:00:00Z,OBSERVATION_ONLY
2026-10-08T22:40:47.190191+00:00,KXNBATOTAL-26OCT08BOSCLE-219,KXNBATOTAL-26OCT08BOSCLE,Full Game: Over 218.5 points scored,60.0,41.0,1.0,478.67,2026-10-10T23:00:00Z,OBSERVATION_ONLY
2026-10-08T22:40:47.190191+00:00,KXNBATOTAL-26OCT08BOSCLE-221,KXNBATOTAL-26OCT08BOSCLE,Full Game: Over 220.5 points scored,55.0,46.0,1.0,1396.31,2026-10-10T23:00:00Z,OBSERVATION_ONLY
2026-10-08T22:40:47.190191+00:00,KXNBATOTAL-26OCT08BOSCLE-223,KXNBATOTAL-26OCT08BOSCLE,Full Game: Over 222.5 points scored,51.0,50.0,1.0,13369.75,2026-10-10T23:00:00Z,OBSERVATION_ONLY
2026-10-08T22:40:47.190191+00:00,KXNBATOTAL-26OCT08BOSCLE-225,KXNBATOTAL-26OCT08BOSCLE,Full Game: Over 224.5 points scored,46.0,55.0,1.0,477.98,2026-10-10T23:00:00Z,OBSERVATION_ONLY
2026-10-08T22:40:47.190191+00:00,KXNBATOTAL-26OCT08BOSCLE-227,KXNBATOTAL-26OCT08BOSCLE,Full Game: Over 226.5 points scored,43.0,60.0,3.0,517.33,2026-10-10T23:00:00Z,OBSERVATION_ONLY
2026-10-08T22:40:47.190191+00:00,KXNBATOTAL-26OCT08BOSCLE-241,KXNBATOTAL-26OCT08BOSCLE,Full Game: Over 240.5 points scored,17.0,86.0,3.0,366.3,2026-10-10T23:00:00Z,OBSERVATION_ONLY
2026-10-08T22:40:47.190191+00:00,KXNBATOTAL-26OCT08NOPMIA-213,KXNBATOTAL-26OCT08NOPMIA,Full Game: Over 212.5 points scored,89.0,15.0,4.0,687.83,2026-10-10T23:30:00Z,OBSERVATION_ONLY
2026-10-08T22:40:47.190191+00:00,KXNBATOTAL-26OCT08NOPMIA-227,KXNBATOTAL-26OCT08NOPMIA,Full Game: Over 226.5 points scored,69.0,33.0,2.0,100.3,2026-10-10T23:30:00Z,OBSERVATION_ONLY
2026-10-08T22:40:47.190191+00:00,KXNBATOTAL-26OCT08NOPMIA-233,KXNBATOTAL-26OCT08NOPMIA,Full Game: Over 232.5 points scored,57.0,45.0,2.0,564.26,2026-10-10T23:30:00Z,OBSERVATION_ONLY
2026-10-08T22:40:47.190191+00:00,KXNBATOTAL-26OCT08NOPMIA-235,KXNBATOTAL-26OCT08NOPMIA,Full Game: Over 234.5 points scored,54.0,47.0,1.0,5795.73,2026-10-10T23:30:00Z,OBSERVATION_ONLY
2026-10-08T22:40:47.190191+00:00,KXNBATOTAL-26OCT08NOPMIA-237,KXNBATOTAL-26OCT08NOPMIA,Full Game: Over 236.5 points scored,48.0,53.0,1.0,503.97,2026-10-10T23:30:00Z,OBSERVATION_ONLY
2026-10-08T22:40:47.190191+00:00,KXNBATOTAL-26OCT08NOPMIA-239,KXNBATOTAL-26OCT08NOPMIA,Full Game: Over 238.5 points scored,43.0,59.0,2.0,978.01,2026-10-10T23:30:00Z,OBSERVATION_ONLY
2026-10-08T22:40:47.190191+00:00,KXNBATOTAL-26OCT08NOPMIA-241,KXNBATOTAL-26OCT08NOPMIA,Full Game: Over 240.5 points scored,40.0,63.0,3.0,157.63,2026-10-10T23:30:00Z,OBSERVATION_ONLY
2026-10-08T22:40:47.190191+00:00,KXNBATOTAL-26OCT08PHIBKN-201,KXNBATOTAL-26OCT08PHIBKN,Full Game: Over 200.5 points scored,89.0,12.0,1.0,1753.51,2026-10-10T23:30:00Z,OBSERVATION_ONLY
2026-10-08T22:40:47.190191+00:00,KXNBATOTAL-26OCT08PHIBKN-203,KXNBATOTAL-26OCT08PHIBKN,Full Game: Over 202.5 points scored,87.0,15.0,2.0,532.56,2026-10-10T23:30:00Z,OBSERVATION_ONLY
2026-10-08T22:40:47.190191+00:00,KXNBATOTAL-26OCT08PHIBKN-207,KXNBATOTAL-26OCT08PHIBKN,Full Game: Over 206.5 points scored,80.0,23.0,3.0,115.81,2026-10-10T23:30:00Z,OBSERVATION_ONLY
2026-10-08T22:40:47.190191+00:00,KXNBATOTAL-26OCT08PHIBKN-209,KXNBATOTAL-26OCT08PHIBKN,Full Game: Over 208.5 points scored,76.0,26.0,2.0,237.1,2026-10-10T23:30:00Z,OBSERVATION_ONLY
2026-10-08T22:40:47.190191+00:00,KXNBATOTAL-26OCT08PHIBKN-211,KXNBATOTAL-26OCT08PHIBKN,Full Game: Over 210.5 points scored,73.0,28.0,1.0,127.41,2026-10-10T23:30:00Z,OBSERVATION_ONLY
2026-10-08T22:40:47.190191+00:00,KXNBATOTAL-26OCT08PHIBKN-215,KXNBATOTAL-26OCT08PHIBKN,Full Game: Over 214.5 points scored,65.0,37.0,2.0,363.02,2026-10-10T23:30:00Z,OBSERVATION_ONLY
2026-10-08T22:40:47.190191+00:00,KXNBATOTAL-26OCT08PHIBKN-217,KXNBATOTAL-26OCT08PHIBKN,Full Game: Over 216.5 points scored,61.0,40.0,1.0,1468.61,2026-10-10T23:30:00Z,OBSERVATION_ONLY
2026-10-08T22:40:47.190191+00:00,KXNBATOTAL-26OCT08PHIBKN-219,KXNBATOTAL-26OCT08PHIBKN,Full Game: Over 218.5 points scored,58.0,44.0,2.0,2396.59,2026-10-10T23:30:00Z,OBSERVATION_ONLY
2026-10-08T22:40:47.190191+00:00,KXNBATOTAL-26OCT08PHIBKN-221,KXNBATOTAL-26OCT08PHIBKN,Full Game: Over 220.5 points scored,52.0,49.0,1.0,2102.94,2026-10-10T23:30:00Z,OBSERVATION_ONLY
2026-10-08T22:40:47.190191+00:00,KXNBATOTAL-26OCT08PHIBKN-223,KXNBATOTAL-26OCT08PHIBKN,Full Game: Over 222.5 points scored,49.0,54.0,3.0,205.85,2026-10-10T23:30:00Z,OBSERVATION_ONLY
2026-10-08T22:40:47.190191+00:00,KXNBATOTAL-26OCT08PHIBKN-225,KXNBATOTAL-26OCT08PHIBKN,Full Game: Over 224.5 points scored,43.0,58.0,1.0,603.1,2026-10-10T23:30:00Z,OBSERVATION_ONLY
2026-10-08T22:40:47.190191+00:00,KXNBATOTAL-26OCT08PHIBKN-227,KXNBATOTAL-26OCT08PHIBKN,Full Game: Over 226.5 points scored,39.0,64.0,3.0,111.25,2026-10-10T23:30:00Z,OBSERVATION_ONLY
2026-10-08T22:40:47.190191+00:00,KXNBATOTAL-26OCT08PHIBKN-237,KXNBATOTAL-26OCT08PHIBKN,Full Game: Over 236.5 points scored,21.0,82.0,3.0,267.0,2026-10-10T23:30:00Z,OBSERVATION_ONLY
2026-10-08T22:40:47.190191+00:00,KXNBATOTAL-26OCT08PHIBKN-241,KXNBATOTAL-26OCT08PHIBKN,Full Game: Over 240.5 points scored,15.0,87.0,2.0,340.59,2026-10-10T23:30:00Z,OBSERVATION_ONLY
2026-10-08T22:40:47.190191+00:00,KXNBATOTAL-26OCT08SACLAL-208,KXNBATOTAL-26OCT08SACLAL,Full Game: Over 207.5 points scored,92.0,9.0,1.0,582.14,2026-10-11T02:30:00Z,OBSERVATION_ONLY
2026-10-08T22:40:47.190191+00:00,KXNBATOTAL-26OCT08SACLAL-230,KXNBATOTAL-26OCT08SACLAL,Full Game: Over 229.5 points scored,53.0,49.0,2.0,236.8,2026-10-11T02:30:00Z,OBSERVATION_ONLY
2026-10-08T22:40:47.190191+00:00,KXNBATOTAL-26OCT08SACLAL-232,KXNBATOTAL-26OCT08SACLAL,Full Game: Over 231.5 points scored,49.0,54.0,3.0,291.85,2026-10-11T02:30:00Z,OBSERVATION_ONLY
2026-10-08T22:40:47.190191+00:00,KXNBATOTAL-26OCT08SACLAL-238,KXNBATOTAL-26OCT08SACLAL,Full Game: Over 237.5 points scored,35.0,68.0,3.0,140.55,2026-10-11T02:30:00Z,OBSERVATION_ONLY
2026-10-08T22:40:47.190191+00:00,KXNBATOTAL-26OCT08WASNYK-208,KXNBATOTAL-26OCT08WASNYK,Full Game: Over 207.5 points scored,88.0,13.0,1.0,433.74,2026-10-10T23:30:00Z,OBSERVATION_ONLY
2026-10-08T22:40:47.190191+00:00,KXNBATOTAL-26OCT08WASNYK-214,KXNBATOTAL-26OCT08WASNYK,Full Game: Over 213.5 points scored,79.0,23.0,2.0,198.36,2026-10-10T23:30:00Z,OBSERVATION_ONLY
2026-10-08T22:40:47.190191+00:00,KXNBATOTAL-26OCT08WASNYK-216,KXNBATOTAL-26OCT08WASNYK,Full Game: Over 215.5 points scored,75.0,27.0,2.0,363.4,2026-10-10T23:30:00Z,OBSERVATION_ONLY
2026-10-08T22:40:47.190191+00:00,KXNBATOTAL-26OCT08WASNYK-218,KXNBATOTAL-26OCT08WASNYK,Full Game: Over 217.5 points scored,73.0,28.0,1.0,139.31,2026-10-10T23:30:00Z,OBSERVATION_ONLY
2026-10-08T22:40:47.190191+00:00,KXNBATOTAL-26OCT08WASNYK-224,KXNBATOTAL-26OCT08WASNYK,Full Game: Over 223.5 points scored,61.0,40.0,1.0,134.0,2026-10-10T23:30:00Z,OBSERVATION_ONLY
2026-10-08T22:40:47.190191+00:00,KXNBATOTAL-26OCT08WASNYK-226,KXNBATOTAL-26OCT08WASNYK,Full Game: Over 225.5 points scored,57.0,45.0,2.0,156.46,2026-10-10T23:30:00Z,OBSERVATION_ONLY
2026-10-08T22:40:47.190191+00:00,KXNBATOTAL-26OCT08WASNYK-228,KXNBATOTAL-26OCT08WASNYK,Full Game: Over 227.5 points scored,53.0,49.0,2.0,5701.66,2026-10-10T23:30:00Z,OBSERVATION_ONLY
2026-10-08T22:40:47.190191+00:00,KXNBATOTAL-26OCT08WASNYK-230,KXNBATOTAL-26OCT08WASNYK,Full Game: Over 229.5 points scored,48.0,53.0,1.0,1098.59,2026-10-10T23:30:00Z,OBSERVATION_ONLY
