first_observed_utc,ticker,city,target_date,predicted_yes_probability,yes_ask_cents,no_ask_cents,market_status,result,checked_utc,brier_score,research_only
2026-10-08T17:32:16.358139+00:00,KXHIGHCHI-26OCT09-B71.5,"Chicago, IL",2026-10-09,0.2,27.0,74.0,active,,2026-10-08T18:05:16.545874+00:00,,YES - uncalibrated weather model; no fill or validated settlement station
2026-10-08T17:32:16.358139+00:00,KXHIGHCHI-26OCT09-B73.5,"Chicago, IL",2026-10-09,0.1,22.0,80.0,active,,2026-10-08T18:05:16.545874+00:00,,YES - uncalibrated weather model; no fill or validated settlement station
2026-10-08T17:32:16.358139+00:00,KXHIGHCHI-26OCT09-B75.5,"Chicago, IL",2026-10-09,0.0,8.0,93.0,active,,2026-10-08T18:05:16.545874+00:00,,YES - uncalibrated weather model; no fill or validated settlement station
2026-10-08T17:32:16.358139+00:00,KXHIGHCHI-26OCT09-B77.5,"Chicago, IL",2026-10-09,0.0,3.0,98.0,active,,2026-10-08T18:05:16.545874+00:00,,YES - uncalibrated weather model; no fill or validated settlement station
2026-10-08T17:32:16.358139+00:00,KXHIGHCHI-26OCT09-T71,"Chicago, IL",2026-10-09,0.6667,41.0,60.0,active,,2026-10-08T18:05:16.545874+00:00,,YES - uncalibrated weather model; no fill or validated settlement station
2026-10-08T17:32:16.358139+00:00,KXHIGHCHI-26OCT09-T78,"Chicago, IL",2026-10-09,0.0,2.0,99.0,active,,2026-10-08T18:05:16.545874+00:00,,YES - uncalibrated weather model; no fill or validated settlement station
2026-10-08T17:32:16.358139+00:00,KXHIGHNY-26OCT09-B69.5,"New York City, NY",2026-10-09,0.3,30.0,71.0,active,,2026-10-08T18:05:16.545874+00:00,,YES - uncalibrated weather model; no fill or validated settlement station
2026-10-08T17:32:16.358139+00:00,KXHIGHNY-26OCT09-B71.5,"New York City, NY",2026-10-09,0.2667,52.0,49.0,active,,2026-10-08T18:05:16.545874+00:00,,YES - uncalibrated weather model; no fill or validated settlement station
2026-10-08T17:32:16.358139+00:00,KXHIGHNY-26OCT09-B73.5,"New York City, NY",2026-10-09,0.0333,14.0,88.0,active,,2026-10-08T18:05:16.545874+00:00,,YES - uncalibrated weather model; no fill or validated settlement station
2026-10-08T17:32:16.358139+00:00,KXHIGHNY-26OCT09-B75.5,"New York City, NY",2026-10-09,0.0,2.0,99.0,active,,2026-10-08T18:05:16.545874+00:00,,YES - uncalibrated weather model; no fill or validated settlement station
2026-10-08T17:32:16.358139+00:00,KXHIGHNY-26OCT09-T69,"New York City, NY",2026-10-09,0.2,7.0,94.0,active,,2026-10-08T18:05:16.545874+00:00,,YES - uncalibrated weather model; no fill or validated settlement station
2026-10-08T17:32:16.358139+00:00,KXHIGHNY-26OCT09-T76,"New York City, NY",2026-10-09,0.0,2.0,100.0,active,,2026-10-08T18:05:16.545874+00:00,,YES - uncalibrated weather model; no fill or validated settlement station
