scan_utc,city,target_date,ticker,title,rough_p_yes,yes_ask_cents,no_ask_cents,estimated_yes_taker_fee_cents,estimated_no_taker_fee_cents,illustrative_yes_net_edge_cents,illustrative_no_net_edge_cents,status,validation
2026-10-08T17:32:16.358139+00:00,"Chicago, IL",2026-10-09,KXHIGHCHI-26OCT09-T71,"Will the maximum temperature be <71° on Oct 9, 2026?",0.6667,41.0,60.0,2,2,23.67,-28.67,OBSERVATION_ONLY,UNVERIFIED station/window/rounding/calibration/orderbook; series-specific fees may vary
2026-10-08T17:32:16.358139+00:00,"New York City, NY",2026-10-09,KXHIGHNY-26OCT09-B71.5,"Will the maximum temperature be 71-72° on Oct 9, 2026?",0.2667,52.0,49.0,2,2,-27.33,22.33,OBSERVATION_ONLY,UNVERIFIED station/window/rounding/calibration/orderbook; series-specific fees may vary
2026-10-08T17:32:16.358139+00:00,"New York City, NY",2026-10-09,KXHIGHNY-26OCT09-T69,"Will the maximum temperature be <69° on Oct 9, 2026?",0.2,7.0,94.0,1,1,12.0,-15.0,OBSERVATION_ONLY,UNVERIFIED station/window/rounding/calibration/orderbook; series-specific fees may vary
2026-10-08T17:32:16.358139+00:00,"Chicago, IL",2026-10-09,KXHIGHCHI-26OCT09-B73.5,"Will the maximum temperature be 73-74° on Oct 9, 2026?",0.1,22.0,80.0,2,2,-14.0,8.0,OBSERVATION_ONLY,UNVERIFIED station/window/rounding/calibration/orderbook; series-specific fees may vary
2026-10-08T17:32:16.358139+00:00,"New York City, NY",2026-10-09,KXHIGHNY-26OCT09-B73.5,"Will the maximum temperature be 73-74° on Oct 9, 2026?",0.0333,14.0,88.0,1,1,-11.67,7.67,OBSERVATION_ONLY,UNVERIFIED station/window/rounding/calibration/orderbook; series-specific fees may vary
2026-10-08T17:32:16.358139+00:00,"Chicago, IL",2026-10-09,KXHIGHCHI-26OCT09-B75.5,"Will the maximum temperature be 75-76° on Oct 9, 2026?",0.0,8.0,93.0,1,1,-9.0,6.0,OBSERVATION_ONLY,UNVERIFIED station/window/rounding/calibration/orderbook; series-specific fees may vary
2026-10-08T17:32:16.358139+00:00,"Chicago, IL",2026-10-09,KXHIGHCHI-26OCT09-B71.5,"Will the maximum temperature be 71-72° on Oct 9, 2026?",0.2,27.0,74.0,2,2,-9.0,4.0,OBSERVATION_ONLY,UNVERIFIED station/window/rounding/calibration/orderbook; series-specific fees may vary
2026-10-08T17:32:16.358139+00:00,"Chicago, IL",2026-10-09,KXHIGHCHI-26OCT09-B77.5,"Will the maximum temperature be 77-78° on Oct 9, 2026?",0.0,3.0,98.0,1,1,-4.0,1.0,OBSERVATION_ONLY,UNVERIFIED station/window/rounding/calibration/orderbook; series-specific fees may vary
2026-10-08T17:32:16.358139+00:00,"New York City, NY",2026-10-09,KXHIGHNY-26OCT09-B75.5,"Will the maximum temperature be 75-76° on Oct 9, 2026?",0.0,2.0,99.0,1,1,-3.0,0.0,OBSERVATION_ONLY,UNVERIFIED station/window/rounding/calibration/orderbook; series-specific fees may vary
2026-10-08T17:32:16.358139+00:00,"Chicago, IL",2026-10-09,KXHIGHCHI-26OCT09-T78,"Will the maximum temperature be >78° on Oct 9, 2026?",0.0,2.0,99.0,1,1,-3.0,0.0,OBSERVATION_ONLY,UNVERIFIED station/window/rounding/calibration/orderbook; series-specific fees may vary
2026-10-08T17:32:16.358139+00:00,"New York City, NY",2026-10-09,KXHIGHNY-26OCT09-T76,"Will the maximum temperature be >76° on Oct 9, 2026?",0.0,2.0,100.0,1,0,-3.0,0.0,OBSERVATION_ONLY,UNVERIFIED station/window/rounding/calibration/orderbook; series-specific fees may vary
2026-10-08T17:32:16.358139+00:00,"New York City, NY",2026-10-09,KXHIGHNY-26OCT09-B69.5,"Will the maximum temperature be 69-70° on Oct 9, 2026?",0.3,30.0,71.0,2,2,-2.0,-3.0,OBSERVATION_ONLY,UNVERIFIED station/window/rounding/calibration/orderbook; series-specific fees may vary
2026-10-08T18:05:16.086398+00:00,"Chicago, IL",2026-10-09,KXHIGHCHI-26OCT09-T71,"Will the maximum temperature be <71° on Oct 9, 2026?",0.7333,44.0,57.0,2,2,27.33,-32.33,OBSERVATION_ONLY,UNVERIFIED station/window/rounding/calibration/orderbook; series-specific fees may vary
2026-10-08T18:05:16.086398+00:00,"Chicago, IL",2026-10-09,KXHIGHCHI-26OCT09-B71.5,"Will the maximum temperature be 71-72° on Oct 9, 2026?",0.0667,28.0,73.0,2,2,-23.33,18.33,OBSERVATION_ONLY,UNVERIFIED station/window/rounding/calibration/orderbook; series-specific fees may vary
2026-10-08T18:05:16.086398+00:00,"New York City, NY",2026-10-09,KXHIGHNY-26OCT09-B69.5,"Will the maximum temperature be 69-70° on Oct 9, 2026?",0.1,29.0,72.0,2,2,-21.0,16.0,OBSERVATION_ONLY,UNVERIFIED station/window/rounding/calibration/orderbook; series-specific fees may vary
2026-10-08T18:05:16.086398+00:00,"New York City, NY",2026-10-09,KXHIGHNY-26OCT09-T69,"Will the maximum temperature be <69° on Oct 9, 2026?",0.2333,6.0,95.0,1,1,16.33,-19.33,OBSERVATION_ONLY,UNVERIFIED station/window/rounding/calibration/orderbook; series-specific fees may vary
2026-10-08T18:05:16.086398+00:00,"New York City, NY",2026-10-09,KXHIGHNY-26OCT09-B71.5,"Will the maximum temperature be 71-72° on Oct 9, 2026?",0.3333,51.0,50.0,2,2,-19.67,14.67,OBSERVATION_ONLY,UNVERIFIED station/window/rounding/calibration/orderbook; series-specific fees may vary
2026-10-08T18:05:16.086398+00:00,"Chicago, IL",2026-10-09,KXHIGHCHI-26OCT09-B73.5,"Will the maximum temperature be 73-74° on Oct 9, 2026?",0.0667,20.0,81.0,2,2,-15.33,10.33,OBSERVATION_ONLY,UNVERIFIED station/window/rounding/calibration/orderbook; series-specific fees may vary
2026-10-08T18:05:16.086398+00:00,"New York City, NY",2026-10-09,KXHIGHNY-26OCT09-B73.5,"Will the maximum temperature be 73-74° on Oct 9, 2026?",0.0667,14.0,88.0,1,1,-8.33,4.33,OBSERVATION_ONLY,UNVERIFIED station/window/rounding/calibration/orderbook; series-specific fees may vary
2026-10-08T18:05:16.086398+00:00,"Chicago, IL",2026-10-09,KXHIGHCHI-26OCT09-B75.5,"Will the maximum temperature be 75-76° on Oct 9, 2026?",0.0333,8.0,93.0,1,1,-5.67,2.67,OBSERVATION_ONLY,UNVERIFIED station/window/rounding/calibration/orderbook; series-specific fees may vary
2026-10-08T18:05:16.086398+00:00,"Chicago, IL",2026-10-09,KXHIGHCHI-26OCT09-B77.5,"Will the maximum temperature be 77-78° on Oct 9, 2026?",0.0,3.0,98.0,1,1,-4.0,1.0,OBSERVATION_ONLY,UNVERIFIED station/window/rounding/calibration/orderbook; series-specific fees may vary
2026-10-08T18:05:16.086398+00:00,"New York City, NY",2026-10-09,KXHIGHNY-26OCT09-B75.5,"Will the maximum temperature be 75-76° on Oct 9, 2026?",0.0,2.0,99.0,1,1,-3.0,0.0,OBSERVATION_ONLY,UNVERIFIED station/window/rounding/calibration/orderbook; series-specific fees may vary
2026-10-08T18:05:16.086398+00:00,"Chicago, IL",2026-10-09,KXHIGHCHI-26OCT09-T78,"Will the maximum temperature be >78° on Oct 9, 2026?",0.0,2.0,99.0,1,1,-3.0,0.0,OBSERVATION_ONLY,UNVERIFIED station/window/rounding/calibration/orderbook; series-specific fees may vary
2026-10-08T18:05:16.086398+00:00,"New York City, NY",2026-10-09,KXHIGHNY-26OCT09-T76,"Will the maximum temperature be >76° on Oct 9, 2026?",0.0,2.0,100.0,1,0,-3.0,0.0,OBSERVATION_ONLY,UNVERIFIED station/window/rounding/calibration/orderbook; series-specific fees may vary
2026-10-08T18:19:18.202316+00:00,"Chicago, IL",2026-10-09,KXHIGHCHI-26OCT09-T71,"Will the maximum temperature be <71° on Oct 9, 2026?",0.7333,44.0,57.0,2,2,27.33,-32.33,OBSERVATION_ONLY,UNVERIFIED station/window/rounding/calibration/orderbook; series-specific fees may vary
2026-10-08T18:19:18.202316+00:00,"Chicago, IL",2026-10-09,KXHIGHCHI-26OCT09-B71.5,"Will the maximum temperature be 71-72° on Oct 9, 2026?",0.0667,29.0,74.0,2,2,-24.33,17.33,OBSERVATION_ONLY,UNVERIFIED station/window/rounding/calibration/orderbook; series-specific fees may vary
2026-10-08T18:19:18.202316+00:00,"New York City, NY",2026-10-09,KXHIGHNY-26OCT09-B69.5,"Will the maximum temperature be 69-70° on Oct 9, 2026?",0.1,29.0,72.0,2,2,-21.0,16.0,OBSERVATION_ONLY,UNVERIFIED station/window/rounding/calibration/orderbook; series-specific fees may vary
2026-10-08T18:19:18.202316+00:00,"New York City, NY",2026-10-09,KXHIGHNY-26OCT09-T69,"Will the maximum temperature be <69° on Oct 9, 2026?",0.2333,6.0,95.0,1,1,16.33,-19.33,OBSERVATION_ONLY,UNVERIFIED station/window/rounding/calibration/orderbook; series-specific fees may vary
2026-10-08T18:19:18.202316+00:00,"New York City, NY",2026-10-09,KXHIGHNY-26OCT09-B71.5,"Will the maximum temperature be 71-72° on Oct 9, 2026?",0.3333,51.0,50.0,2,2,-19.67,14.67,OBSERVATION_ONLY,UNVERIFIED station/window/rounding/calibration/orderbook; series-specific fees may vary
2026-10-08T18:19:18.202316+00:00,"Chicago, IL",2026-10-09,KXHIGHCHI-26OCT09-B73.5,"Will the maximum temperature be 73-74° on Oct 9, 2026?",0.0667,22.0,79.0,2,2,-17.33,12.33,OBSERVATION_ONLY,UNVERIFIED station/window/rounding/calibration/orderbook; series-specific fees may vary
2026-10-08T18:19:18.202316+00:00,"New York City, NY",2026-10-09,KXHIGHNY-26OCT09-B73.5,"Will the maximum temperature be 73-74° on Oct 9, 2026?",0.0667,14.0,88.0,1,1,-8.33,4.33,OBSERVATION_ONLY,UNVERIFIED station/window/rounding/calibration/orderbook; series-specific fees may vary
2026-10-08T18:19:18.202316+00:00,"Chicago, IL",2026-10-09,KXHIGHCHI-26OCT09-B75.5,"Will the maximum temperature be 75-76° on Oct 9, 2026?",0.0333,8.0,93.0,1,1,-5.67,2.67,OBSERVATION_ONLY,UNVERIFIED station/window/rounding/calibration/orderbook; series-specific fees may vary
2026-10-08T18:19:18.202316+00:00,"New York City, NY",2026-10-09,KXHIGHNY-26OCT09-B75.5,"Will the maximum temperature be 75-76° on Oct 9, 2026?",0.0,2.0,99.0,1,1,-3.0,0.0,OBSERVATION_ONLY,UNVERIFIED station/window/rounding/calibration/orderbook; series-specific fees may vary
2026-10-08T18:19:18.202316+00:00,"Chicago, IL",2026-10-09,KXHIGHCHI-26OCT09-T78,"Will the maximum temperature be >78° on Oct 9, 2026?",0.0,2.0,99.0,1,1,-3.0,0.0,OBSERVATION_ONLY,UNVERIFIED station/window/rounding/calibration/orderbook; series-specific fees may vary
2026-10-08T18:19:18.202316+00:00,"Chicago, IL",2026-10-09,KXHIGHCHI-26OCT09-B77.5,"Will the maximum temperature be 77-78° on Oct 9, 2026?",0.0,2.0,99.0,1,1,-3.0,0.0,OBSERVATION_ONLY,UNVERIFIED station/window/rounding/calibration/orderbook; series-specific fees may vary
2026-10-08T18:19:18.202316+00:00,"New York City, NY",2026-10-09,KXHIGHNY-26OCT09-T76,"Will the maximum temperature be >76° on Oct 9, 2026?",0.0,2.0,100.0,1,0,-3.0,0.0,OBSERVATION_ONLY,UNVERIFIED station/window/rounding/calibration/orderbook; series-specific fees may vary
2026-10-08T18:20:44.013102+00:00,"Chicago, IL",2026-10-09,KXHIGHCHI-26OCT09-T71,"Will the maximum temperature be <71° on Oct 9, 2026?",0.7333,44.0,57.0,2,2,27.33,-32.33,OBSERVATION_ONLY,UNVERIFIED station/window/rounding/calibration/orderbook; series-specific fees may vary
2026-10-08T18:20:44.013102+00:00,"Chicago, IL",2026-10-09,KXHIGHCHI-26OCT09-B71.5,"Will the maximum temperature be 71-72° on Oct 9, 2026?",0.0667,29.0,74.0,2,2,-24.33,17.33,OBSERVATION_ONLY,UNVERIFIED station/window/rounding/calibration/orderbook; series-specific fees may vary
2026-10-08T18:20:44.013102+00:00,"New York City, NY",2026-10-09,KXHIGHNY-26OCT09-B69.5,"Will the maximum temperature be 69-70° on Oct 9, 2026?",0.1,29.0,72.0,2,2,-21.0,16.0,OBSERVATION_ONLY,UNVERIFIED station/window/rounding/calibration/orderbook; series-specific fees may vary
2026-10-08T18:20:44.013102+00:00,"New York City, NY",2026-10-09,KXHIGHNY-26OCT09-T69,"Will the maximum temperature be <69° on Oct 9, 2026?",0.2333,6.0,95.0,1,1,16.33,-19.33,OBSERVATION_ONLY,UNVERIFIED station/window/rounding/calibration/orderbook; series-specific fees may vary
2026-10-08T18:20:44.013102+00:00,"New York City, NY",2026-10-09,KXHIGHNY-26OCT09-B71.5,"Will the maximum temperature be 71-72° on Oct 9, 2026?",0.3333,51.0,50.0,2,2,-19.67,14.67,OBSERVATION_ONLY,UNVERIFIED station/window/rounding/calibration/orderbook; series-specific fees may vary
2026-10-08T18:20:44.013102+00:00,"Chicago, IL",2026-10-09,KXHIGHCHI-26OCT09-B73.5,"Will the maximum temperature be 73-74° on Oct 9, 2026?",0.0667,22.0,79.0,2,2,-17.33,12.33,OBSERVATION_ONLY,UNVERIFIED station/window/rounding/calibration/orderbook; series-specific fees may vary
2026-10-08T18:20:44.013102+00:00,"New York City, NY",2026-10-09,KXHIGHNY-26OCT09-B73.5,"Will the maximum temperature be 73-74° on Oct 9, 2026?",0.0667,14.0,88.0,1,1,-8.33,4.33,OBSERVATION_ONLY,UNVERIFIED station/window/rounding/calibration/orderbook; series-specific fees may vary
2026-10-08T18:20:44.013102+00:00,"Chicago, IL",2026-10-09,KXHIGHCHI-26OCT09-B75.5,"Will the maximum temperature be 75-76° on Oct 9, 2026?",0.0333,8.0,93.0,1,1,-5.67,2.67,OBSERVATION_ONLY,UNVERIFIED station/window/rounding/calibration/orderbook; series-specific fees may vary
2026-10-08T18:20:44.013102+00:00,"New York City, NY",2026-10-09,KXHIGHNY-26OCT09-B75.5,"Will the maximum temperature be 75-76° on Oct 9, 2026?",0.0,2.0,99.0,1,1,-3.0,0.0,OBSERVATION_ONLY,UNVERIFIED station/window/rounding/calibration/orderbook; series-specific fees may vary
2026-10-08T18:20:44.013102+00:00,"Chicago, IL",2026-10-09,KXHIGHCHI-26OCT09-T78,"Will the maximum temperature be >78° on Oct 9, 2026?",0.0,2.0,99.0,1,1,-3.0,0.0,OBSERVATION_ONLY,UNVERIFIED station/window/rounding/calibration/orderbook; series-specific fees may vary
2026-10-08T18:20:44.013102+00:00,"Chicago, IL",2026-10-09,KXHIGHCHI-26OCT09-B77.5,"Will the maximum temperature be 77-78° on Oct 9, 2026?",0.0,2.0,99.0,1,1,-3.0,0.0,OBSERVATION_ONLY,UNVERIFIED station/window/rounding/calibration/orderbook; series-specific fees may vary
2026-10-08T18:20:44.013102+00:00,"New York City, NY",2026-10-09,KXHIGHNY-26OCT09-T76,"Will the maximum temperature be >76° on Oct 9, 2026?",0.0,2.0,100.0,1,0,-3.0,0.0,OBSERVATION_ONLY,UNVERIFIED station/window/rounding/calibration/orderbook; series-specific fees may vary
2026-10-08T18:32:27.141974+00:00,"Chicago, IL",2026-10-09,KXHIGHCHI-26OCT09-T71,"Will the maximum temperature be <71° on Oct 9, 2026?",0.7333,42.0,59.0,2,2,29.33,-34.33,OBSERVATION_ONLY,UNVERIFIED station/window/rounding/calibration/orderbook; series-specific fees may vary
2026-10-08T18:32:27.141974+00:00,"Chicago, IL",2026-10-09,KXHIGHCHI-26OCT09-B71.5,"Will the maximum temperature be 71-72° on Oct 9, 2026?",0.0667,30.0,74.0,2,2,-25.33,17.33,OBSERVATION_ONLY,UNVERIFIED station/window/rounding/calibration/orderbook; series-specific fees may vary
2026-10-08T18:32:27.141974+00:00,"New York City, NY",2026-10-09,KXHIGHNY-26OCT09-B69.5,"Will the maximum temperature be 69-70° on Oct 9, 2026?",0.1,29.0,72.0,2,2,-21.0,16.0,OBSERVATION_ONLY,UNVERIFIED station/window/rounding/calibration/orderbook; series-specific fees may vary
2026-10-08T18:32:27.141974+00:00,"New York City, NY",2026-10-09,KXHIGHNY-26OCT09-T69,"Will the maximum temperature be <69° on Oct 9, 2026?",0.2333,6.0,95.0,1,1,16.33,-19.33,OBSERVATION_ONLY,UNVERIFIED station/window/rounding/calibration/orderbook; series-specific fees may vary
2026-10-08T18:32:27.141974+00:00,"New York City, NY",2026-10-09,KXHIGHNY-26OCT09-B71.5,"Will the maximum temperature be 71-72° on Oct 9, 2026?",0.3333,51.0,50.0,2,2,-19.67,14.67,OBSERVATION_ONLY,UNVERIFIED station/window/rounding/calibration/orderbook; series-specific fees may vary
2026-10-08T18:32:27.141974+00:00,"Chicago, IL",2026-10-09,KXHIGHCHI-26OCT09-B73.5,"Will the maximum temperature be 73-74° on Oct 9, 2026?",0.0667,22.0,79.0,2,2,-17.33,12.33,OBSERVATION_ONLY,UNVERIFIED station/window/rounding/calibration/orderbook; series-specific fees may vary
2026-10-08T18:32:27.141974+00:00,"New York City, NY",2026-10-09,KXHIGHNY-26OCT09-B73.5,"Will the maximum temperature be 73-74° on Oct 9, 2026?",0.0667,14.0,88.0,1,1,-8.33,4.33,OBSERVATION_ONLY,UNVERIFIED station/window/rounding/calibration/orderbook; series-specific fees may vary
2026-10-08T18:32:27.141974+00:00,"Chicago, IL",2026-10-09,KXHIGHCHI-26OCT09-B75.5,"Will the maximum temperature be 75-76° on Oct 9, 2026?",0.0333,9.0,92.0,1,1,-6.67,3.67,OBSERVATION_ONLY,UNVERIFIED station/window/rounding/calibration/orderbook; series-specific fees may vary
2026-10-08T18:32:27.141974+00:00,"New York City, NY",2026-10-09,KXHIGHNY-26OCT09-B75.5,"Will the maximum temperature be 75-76° on Oct 9, 2026?",0.0,2.0,99.0,1,1,-3.0,0.0,OBSERVATION_ONLY,UNVERIFIED station/window/rounding/calibration/orderbook; series-specific fees may vary
2026-10-08T18:32:27.141974+00:00,"Chicago, IL",2026-10-09,KXHIGHCHI-26OCT09-T78,"Will the maximum temperature be >78° on Oct 9, 2026?",0.0,2.0,99.0,1,1,-3.0,0.0,OBSERVATION_ONLY,UNVERIFIED station/window/rounding/calibration/orderbook; series-specific fees may vary
2026-10-08T18:32:27.141974+00:00,"Chicago, IL",2026-10-09,KXHIGHCHI-26OCT09-B77.5,"Will the maximum temperature be 77-78° on Oct 9, 2026?",0.0,2.0,99.0,1,1,-3.0,0.0,OBSERVATION_ONLY,UNVERIFIED station/window/rounding/calibration/orderbook; series-specific fees may vary
2026-10-08T18:32:27.141974+00:00,"New York City, NY",2026-10-09,KXHIGHNY-26OCT09-T76,"Will the maximum temperature be >76° on Oct 9, 2026?",0.0,2.0,100.0,1,0,-3.0,0.0,OBSERVATION_ONLY,UNVERIFIED station/window/rounding/calibration/orderbook; series-specific fees may vary
2026-10-08T18:34:33.695344+00:00,"Chicago, IL",2026-10-09,KXHIGHCHI-26OCT09-T71,"Will the maximum temperature be <71° on Oct 9, 2026?",0.7333,42.0,59.0,2,2,29.33,-34.33,OBSERVATION_ONLY,UNVERIFIED station/window/rounding/calibration/orderbook; series-specific fees may vary
2026-10-08T18:34:33.695344+00:00,"New York City, NY",2026-10-09,KXHIGHNY-26OCT09-B69.5,"Will the maximum temperature be 69-70° on Oct 9, 2026?",0.1,31.0,70.0,2,2,-23.0,18.0,OBSERVATION_ONLY,UNVERIFIED station/window/rounding/calibration/orderbook; series-specific fees may vary
2026-10-08T18:34:33.695344+00:00,"Chicago, IL",2026-10-09,KXHIGHCHI-26OCT09-B71.5,"Will the maximum temperature be 71-72° on Oct 9, 2026?",0.0667,30.0,74.0,2,2,-25.33,17.33,OBSERVATION_ONLY,UNVERIFIED station/window/rounding/calibration/orderbook; series-specific fees may vary
2026-10-08T18:34:33.695344+00:00,"New York City, NY",2026-10-09,KXHIGHNY-26OCT09-T69,"Will the maximum temperature be <69° on Oct 9, 2026?",0.2333,6.0,95.0,1,1,16.33,-19.33,OBSERVATION_ONLY,UNVERIFIED station/window/rounding/calibration/orderbook; series-specific fees may vary
2026-10-08T18:34:33.695344+00:00,"New York City, NY",2026-10-09,KXHIGHNY-26OCT09-B71.5,"Will the maximum temperature be 71-72° on Oct 9, 2026?",0.3333,51.0,50.0,2,2,-19.67,14.67,OBSERVATION_ONLY,UNVERIFIED station/window/rounding/calibration/orderbook; series-specific fees may vary
2026-10-08T18:34:33.695344+00:00,"Chicago, IL",2026-10-09,KXHIGHCHI-26OCT09-B73.5,"Will the maximum temperature be 73-74° on Oct 9, 2026?",0.0667,22.0,79.0,2,2,-17.33,12.33,OBSERVATION_ONLY,UNVERIFIED station/window/rounding/calibration/orderbook; series-specific fees may vary
2026-10-08T18:34:33.695344+00:00,"New York City, NY",2026-10-09,KXHIGHNY-26OCT09-B73.5,"Will the maximum temperature be 73-74° on Oct 9, 2026?",0.0667,14.0,88.0,1,1,-8.33,4.33,OBSERVATION_ONLY,UNVERIFIED station/window/rounding/calibration/orderbook; series-specific fees may vary
2026-10-08T18:34:33.695344+00:00,"Chicago, IL",2026-10-09,KXHIGHCHI-26OCT09-B75.5,"Will the maximum temperature be 75-76° on Oct 9, 2026?",0.0333,9.0,92.0,1,1,-6.67,3.67,OBSERVATION_ONLY,UNVERIFIED station/window/rounding/calibration/orderbook; series-specific fees may vary
2026-10-08T18:34:33.695344+00:00,"New York City, NY",2026-10-09,KXHIGHNY-26OCT09-B75.5,"Will the maximum temperature be 75-76° on Oct 9, 2026?",0.0,2.0,99.0,1,1,-3.0,0.0,OBSERVATION_ONLY,UNVERIFIED station/window/rounding/calibration/orderbook; series-specific fees may vary
2026-10-08T18:34:33.695344+00:00,"Chicago, IL",2026-10-09,KXHIGHCHI-26OCT09-T78,"Will the maximum temperature be >78° on Oct 9, 2026?",0.0,2.0,99.0,1,1,-3.0,0.0,OBSERVATION_ONLY,UNVERIFIED station/window/rounding/calibration/orderbook; series-specific fees may vary
2026-10-08T18:34:33.695344+00:00,"Chicago, IL",2026-10-09,KXHIGHCHI-26OCT09-B77.5,"Will the maximum temperature be 77-78° on Oct 9, 2026?",0.0,2.0,99.0,1,1,-3.0,0.0,OBSERVATION_ONLY,UNVERIFIED station/window/rounding/calibration/orderbook; series-specific fees may vary
2026-10-08T18:34:33.695344+00:00,"New York City, NY",2026-10-09,KXHIGHNY-26OCT09-T76,"Will the maximum temperature be >76° on Oct 9, 2026?",0.0,2.0,100.0,1,0,-3.0,0.0,OBSERVATION_ONLY,UNVERIFIED station/window/rounding/calibration/orderbook; series-specific fees may vary
