scan_utc,city,ticker,market_title,target_date,series_ticker,strike_type,floor_strike,cap_strike,yes_ask_cents,no_ask_cents,median_high_f,rough_yes_probability,rough_edge_yes_cents,rough_edge_no_cents,status,review_reason,settlement_rules_verified,forecast_matches_resolution_source,model_calibrated,fees_and_depth_verified,eligible_signal
2026-10-10T19:27:46.124080+00:00,"New York City, NY",KXHIGHNY-26OCT11-T62,"Will the maximum temperature be <62° on Oct 11, 2026?",2026-10-11,KXHIGHNY,less,,62,57.0,44.0,63.7,0.0667,-50.33,49.33,RESEARCH_ONLY_NO_TRADE,BLOCKED: exact contract/date settlement source and observation window unverified; GFS hourly highs not matched to settlement product; probability uncalibrated; fee/depth and fill unverified,False,False,False,False,False
2026-10-10T19:27:46.124080+00:00,"Chicago, IL",KXHIGHCHI-26OCT11-B79.5,"Will the maximum temperature be 79-80° on Oct 11, 2026?",2026-10-11,KXHIGHCHI,between,79,80,27.0,74.0,77.5,0.0667,-20.33,19.33,RESEARCH_ONLY_NO_TRADE,BLOCKED: exact contract/date settlement source and observation window unverified; GFS hourly highs not matched to settlement product; probability uncalibrated; fee/depth and fill unverified,False,False,False,False,False
2026-10-10T19:27:46.124080+00:00,"Chicago, IL",KXHIGHCHI-26OCT11-B77.5,"Will the maximum temperature be 77-78° on Oct 11, 2026?",2026-10-11,KXHIGHCHI,between,77,78,43.0,58.0,77.5,0.3333,-9.67,8.67,RESEARCH_ONLY_NO_TRADE,BLOCKED: exact contract/date settlement source and observation window unverified; GFS hourly highs not matched to settlement product; probability uncalibrated; fee/depth and fill unverified,False,False,False,False,False
2026-10-10T19:27:46.124080+00:00,"Chicago, IL",KXHIGHCHI-26OCT11-B75.5,"Will the maximum temperature be 75-76° on Oct 11, 2026?",2026-10-11,KXHIGHCHI,between,75,76,23.0,78.0,77.5,0.1333,-9.67,8.67,RESEARCH_ONLY_NO_TRADE,BLOCKED: exact contract/date settlement source and observation window unverified; GFS hourly highs not matched to settlement product; probability uncalibrated; fee/depth and fill unverified,False,False,False,False,False
2026-10-10T19:27:46.124080+00:00,"New York City, NY",KXHIGHNY-26OCT11-B62.5,"Will the maximum temperature be 62-63° on Oct 11, 2026?",2026-10-11,KXHIGHNY,between,62,63,31.0,70.0,63.7,0.2333,-7.67,6.67,RESEARCH_ONLY_NO_TRADE,BLOCKED: exact contract/date settlement source and observation window unverified; GFS hourly highs not matched to settlement product; probability uncalibrated; fee/depth and fill unverified,False,False,False,False,False
2026-10-10T19:27:46.124080+00:00,"Chicago, IL",KXHIGHCHI-26OCT11-B73.5,"Will the maximum temperature be 73-74° on Oct 11, 2026?",2026-10-11,KXHIGHCHI,between,73,74,6.0,95.0,77.5,0.0,-6.0,5.0,RESEARCH_ONLY_NO_TRADE,BLOCKED: exact contract/date settlement source and observation window unverified; GFS hourly highs not matched to settlement product; probability uncalibrated; fee/depth and fill unverified,False,False,False,False,False
2026-10-10T19:27:46.124080+00:00,"Chicago, IL",KXHIGHCHI-26OCT11-T80,"Will the maximum temperature be >80° on Oct 11, 2026?",2026-10-11,KXHIGHCHI,greater,80,,4.0,97.0,77.5,0.0,-4.0,3.0,RESEARCH_ONLY_NO_TRADE,BLOCKED: exact contract/date settlement source and observation window unverified; GFS hourly highs not matched to settlement product; probability uncalibrated; fee/depth and fill unverified,False,False,False,False,False
2026-10-10T19:27:46.124080+00:00,"New York City, NY",KXHIGHNY-26OCT11-B64.5,"Will the maximum temperature be 64-65° on Oct 11, 2026?",2026-10-11,KXHIGHNY,between,64,65,14.0,87.0,63.7,0.1667,2.67,-3.67,RESEARCH_ONLY_NO_TRADE,BLOCKED: exact contract/date settlement source and observation window unverified; GFS hourly highs not matched to settlement product; probability uncalibrated; fee/depth and fill unverified,False,False,False,False,False
2026-10-10T19:27:46.124080+00:00,"Chicago, IL",KXHIGHCHI-26OCT11-T73,"Will the maximum temperature be <73° on Oct 11, 2026?",2026-10-11,KXHIGHCHI,less,,73,4.0,98.0,77.5,0.0,-4.0,2.0,RESEARCH_ONLY_NO_TRADE,BLOCKED: exact contract/date settlement source and observation window unverified; GFS hourly highs not matched to settlement product; probability uncalibrated; fee/depth and fill unverified,False,False,False,False,False
2026-10-10T19:27:46.124080+00:00,"New York City, NY",KXHIGHNY-26OCT11-B68.5,"Will the maximum temperature be 68-69° on Oct 11, 2026?",2026-10-11,KXHIGHNY,between,68,69,2.0,99.0,63.7,0.0,-2.0,1.0,RESEARCH_ONLY_NO_TRADE,BLOCKED: exact contract/date settlement source and observation window unverified; GFS hourly highs not matched to settlement product; probability uncalibrated; fee/depth and fill unverified,False,False,False,False,False
2026-10-10T19:27:46.124080+00:00,"New York City, NY",KXHIGHNY-26OCT11-B66.5,"Will the maximum temperature be 66-67° on Oct 11, 2026?",2026-10-11,KXHIGHNY,between,66,67,3.0,98.0,63.7,0.0333,0.33,-1.33,RESEARCH_ONLY_NO_TRADE,BLOCKED: exact contract/date settlement source and observation window unverified; GFS hourly highs not matched to settlement product; probability uncalibrated; fee/depth and fill unverified,False,False,False,False,False
2026-10-10T19:27:46.124080+00:00,"New York City, NY",KXHIGHNY-26OCT11-T69,"Will the maximum temperature be >69° on Oct 11, 2026?",2026-10-11,KXHIGHNY,greater,69,,1.0,100.0,63.7,0.0,-1.0,0.0,RESEARCH_ONLY_NO_TRADE,BLOCKED: exact contract/date settlement source and observation window unverified; GFS hourly highs not matched to settlement product; probability uncalibrated; fee/depth and fill unverified,False,False,False,False,False
